coin,symbol,price,1h,24h,7d,24h_volume,mkt_cap,date
Bitcoin,BTC,40851.38,0.001,0,-0.027,20476118020,7.76077E+11,17-03-2022
Ethereum,ETH,2824.42,0.004,0.029,0.034,13640408875,3.39077E+11,17-03-2022
Tether,USDT,1,0,0,0,44131404071,80205879149,17-03-2022
BNB,BNB,389.61,0.002,0.016,-0.01,1425353937,65561157431,17-03-2022
USD Coin,USDC,0.999739,-0.001,0,0,3569816487,52596068421,17-03-2022
XRP,XRP,0.796926,0.006,0.016,0.038,3642947060,38342363497,17-03-2022
Terra,LUNA,87.64,0,-0.02,-0.118,1555363904,32256574723,17-03-2022
Solana,SOL,90.62,0.016,0.058,0.028,1921988835,29270600684,17-03-2022
Cardano,ADA,0.838396,0.002,0.018,-0.013,784436216,26891734979,17-03-2022
Avalanche,AVAX,79.78,0.002,0.083,0.027,1386901493,21282040395,17-03-2022
Polkadot,DOT,18.88,0.001,0.02,0.056,665211395,20667608398,17-03-2022
Binance USD,BUSD,0.999538,-0.001,-0.002,-0.001,3713594658,17812484632,17-03-2022
Dogecoin,DOGE,0.11685,0.001,0.011,-0.038,364002532,15509604862,17-03-2022
TerraUSD,UST,1,0,-0.001,0.002,566868455,15173316373,17-03-2022
Shiba Inu,SHIB,2.24E-05,-0.002,-0.002,-0.063,435900196,12283647613,17-03-2022
Wrapped Bitcoin,WBTC,40815.68,-0.001,0,-0.028,257062192,11140930359,17-03-2022
Cronos,CRO,0.40337,-0.001,0.004,-0.013,64923668,10212443722,17-03-2022
Polygon,MATIC,1.46,0.009,0.012,-0.031,584477121,10031137796,17-03-2022
Dai,DAI,1,0,0.001,0,233460109,9445061382,17-03-2022
Cosmos Hub,ATOM,28.48,0.005,-0.012,-0.053,504577854,8263048473,17-03-2022
Litecoin,LTC,110.64,-0.002,0.011,0.037,541046078,7733039423,17-03-2022
Lido Staked Ether,STETH,2824.49,0.005,0.03,0.035,6987747,7293486788,17-03-2022
Near,NEAR,10.9,0.003,0.026,-0.063,392643350,7152121268,17-03-2022
Chainlink,LINK,14.54,0.003,0.009,0.037,555565709,6790110728,17-03-2022
TRON,TRX,0.060963261,0.001,0.004,0.002,431830570,6203344202,17-03-2022
FTX Token,FTT,43.02,0.001,0.016,0.004,63018114,5917599044,17-03-2022
LEO Token,LEO,6.23,0.004,0.044,0.068,1071771,5840393387,17-03-2022
Bitcoin Cash,BCH,297.65,0.002,0.006,-0.035,1192569491,5652413614,17-03-2022
OKB,OKB,19.98,0.001,0.049,0.075,170494374,5198998452,17-03-2022
Algorand,ALGO,0.755697,0.013,0.034,-0.017,138333415,5010872275,17-03-2022
Stellar,XLM,0.190708,0.003,0.021,0.009,202509305,4685689241,17-03-2022
Uniswap,UNI,9.22,0.002,0.02,0.003,158548328,4212948930,17-03-2022
Hedera,HBAR,0.206426,0.001,0.031,-0.031,50736623,4083726959,17-03-2022
Axie Infinity,AXS,50.9,0.006,0.01,0.044,229754416,3771229668,17-03-2022
Decentraland,MANA,2.45,0.002,0.01,-0.019,385577318,3706590158,17-03-2022
The Sandbox,SAND,3.21,0.004,0.042,0.083,1054426538,3671953183,17-03-2022
Internet Computer,ICP,16.83,0.003,0.034,-0.037,139063958,3629124742,17-03-2022
Ethereum Classic,ETC,27.11,0.004,0.006,-0.036,254873416,3623500485,17-03-2022
Elrond,EGLD,159.18,-0.003,-0.02,0.121,163087133,3510358610,17-03-2022
Monero,XMR,187.35,0.003,-0.01,-0.007,162222710,3388734398,17-03-2022
cETH,CETH,56.52,0.001,0.052,0.037,4709.81,3354874341,17-03-2022
VeChain,VET,0.04867371,0.004,0.016,0.002,226027621,3250000117,17-03-2022
Filecoin,FIL,17.67,0.002,0.024,-0.062,194035869,3150729995,17-03-2022
Fantom,FTM,1.22,-0.003,0.001,-0.107,662240690,3103751456,17-03-2022
Klaytn,KLAY,1.1,0.004,-0.002,-0.032,40036524,3037372912,17-03-2022
Osmosis,OSMO,9.33,0.002,-0.007,-0.077,61428078,3010426563,17-03-2022
Waves,WAVES,28.78,0.003,0.007,0.008,728914468,2875764773,17-03-2022
Frax,FRAX,0.999541,0.001,0,-0.001,15926230,2873694989,17-03-2022
Theta Network,THETA,2.87,0.003,0.019,-0.065,102779208,2860648763,17-03-2022
Magic Internet Money,MIM,0.998598,0.001,0.001,-0.002,57656794,2782892167,17-03-2022
Tezos,XTZ,3.1,0.003,0.017,-0.027,74557601,2726280216,17-03-2022
The Graph,GRT,0.4138,0.012,-0.06,0.193,215095821,2557806263,17-03-2022
cUSDC,CUSDC,0.022557565,0.002,0.001,0.001,1167.72,2466484503,17-03-2022
THORChain,RUNE,8.08,0.006,0.116,0.464,384542700,2430711865,17-03-2022
Helium,HNT,22.94,0.004,0.057,0.057,21484397,2312307759,17-03-2022
EOS,EOS,2.09,0.006,0.012,0.009,228300347,2061422334,17-03-2022
Flow,FLOW,5.72,0.01,0.052,-0.053,118680955,2031100138,17-03-2022
Aave,AAVE,147.18,0.007,0.071,0.153,406722278,2009385126,17-03-2022
IOTA,MIOTA,0.714113,0,0.003,-0.033,23553216,1985719860,17-03-2022
ECOMI,OMI,0.003390696,0.001,-0.007,-0.253,3682195,1972387319,17-03-2022
cDAI,CDAI,0.021937899,0,0.001,0.001,187.54,1928856560,17-03-2022
Theta Fuel,TFUEL,0.164365,0.005,0.012,0.025,15319348,1886178774,17-03-2022
Maker,MKR,2079.04,0.008,0.052,0.087,96980207,1874509741,17-03-2022
Zcash,ZEC,152.32,0,0.023,0.076,357248948,1862253242,17-03-2022
PancakeSwap,CAKE,6.51,0.002,0.172,0.043,449533416,1806774957,17-03-2022
JUNO,JUNO,39.16,0.003,0.021,-0.071,8314477,1786829872,17-03-2022
Gala,GALA,0.230194,-0.001,0.01,-0.014,598834885,1738051630,17-03-2022
BitTorrent,BTT,1.83E-06,0.002,0.009,-0.017,72096087,1685671515,17-03-2022
Arweave,AR,33.62,0.016,0.034,-0.107,39217699,1683869236,17-03-2022
Huobi BTC,HBTC,40909.07,-0.001,-0.008,-0.027,2193840,1631618698,17-03-2022
Harmony,ONE,0.13101,0.007,0.027,-0.035,66326965,1548715682,17-03-2022
Quant,QNT,114.66,0.005,0.018,-0.035,21373345,1538860559,17-03-2022
eCash,XEC,7.98E-05,-0.002,0.007,0.046,23608652,1517444421,17-03-2022
Bitcoin SV,BSV,78.09,0.002,0.013,-0.065,82946701,1484128146,17-03-2022
NEO,NEO,20.65,0.001,0.026,-0.03,131240437,1456710686,17-03-2022
Huobi Token,HT,9.11,0,0.013,-0.001,29386478,1418233628,17-03-2022
TrueUSD,TUSD,1,0,0,-0.001,96692815,1413028225,17-03-2022
Xido Finance,XIDO,48.68,0.047,0.577,1.357,1489749,1388958494,17-03-2022
Celsius Network,CEL,3.27,0.001,0.03,0.056,3708538,1388056538,17-03-2022
KuCoin Token,KCS,18.19,-0.006,-0.011,-0.032,8987570,1385861365,17-03-2022
Enjin Coin,ENJ,1.42,0.004,0.017,0.021,113142084,1330338268,17-03-2022
Stacks,STX,1.26,0.004,0.001,0.119,24411447,1327159918,17-03-2022
Humans.ai,HEART,0.041455611,-0.006,-0.063,-0.558,898844,1309127902,17-03-2022
Celo,CELO,3.01,-0.025,0.195,0.044,746494395,1293158139,17-03-2022
Basic Attention Token,BAT,0.851143,0.002,0.035,0.241,207580189,1275120629,17-03-2022
Radix,XRD,0.128757,0.02,0.053,0.074,221810,1262403652,17-03-2022
NEXO,NEXO,2.21,0.006,0.014,0.02,5428058,1240018250,17-03-2022
Kusama,KSM,134.99,0.007,0.064,0,69995764,1211430260,17-03-2022
Amp,AMP,0.025125131,-0.002,0.005,-0.033,6754386,1207186380,17-03-2022
Chiliz,CHZ,0.203275,0.018,0.025,0.013,108108608,1083816831,17-03-2022
Kadena,KDA,6.24,0.008,0.003,-0.053,48584887,1069867085,17-03-2022
Dash,DASH,96.91,0.002,-0.007,-0.029,165410045,1029536952,17-03-2022
Frax Share,FXS,17.71,0.002,-0.01,-0.012,3134769,1023317870,17-03-2022
Convex Finance,CVX,18.71,0.006,0.024,0.095,22222451,1013012985,17-03-2022
BitDAO,BIT,1.14,0.003,0.012,0.001,42339293,1011521016,17-03-2022
Pax Dollar,USDP,0.99955,-0.001,0,-0.001,71689116,995452485,17-03-2022
Synthetix Network Token,SNX,4.48,0.001,0.059,-0.06,99940204,960919289,17-03-2022
GateToken,GT,6.32,-0.004,-0.031,-0.05,6795778,959114001,17-03-2022
Loopring,LRC,0.715444,-0.001,0.007,-0.033,92431592,891618804,17-03-2022
NEM,XEM,0.097812627,0.003,-0.004,-0.027,12854080,880846859,17-03-2022
Mina Protocol,MINA,2.02,-0.013,0.118,0.068,132755480,851729245,17-03-2022
Curve DAO Token,CRV,2.13,-0.002,0.056,-0.011,162949799,838186885,17-03-2022
Oasis Network,ROSE,0.228057,0.002,0.002,-0.047,46311590,795948991,17-03-2022
ApeCoin,APE,7.72,0.05,-0.255,,1129583103,794922002,17-03-2022
Secret,SCRT,4.73,0.004,0.028,-0.002,7931935,784928146,17-03-2022
LINK,LN,131.31,0.001,0.017,0.022,2027017,784870999,17-03-2022
cUSDT,CUSDT,0.021768404,0,0,0,5320.09,775840943,17-03-2022
Compound,COMP,115.17,0.001,0.051,0.045,55258209,766476634,17-03-2022
Anchor Protocol,ANC,2.85,-0.005,-0.083,-0.335,77859396,754479150,17-03-2022
Decred,DCR,52.84,-0.012,-0.07,-0.059,10725860,732991389,17-03-2022
IoTeX,IOTX,0.077158067,-0.015,0.007,0.058,53815127,732645462,17-03-2022
Holo,HOT,0.004092449,0.002,-0.013,-0.026,45825585,726741711,17-03-2022
Bitkub Coin,KUB,7.93,-0.002,0.004,-0.045,2877708,703620569,17-03-2022
yearn.finance,YFI,19370.21,-0.004,0.02,-0.049,79795044,691957768,17-03-2022
Neutrino USD,USDN,1,-0.001,-0.003,0.008,6067663,685994297,17-03-2022
Nexus Mutual,NXM,95.18,0.006,0.03,0.035,21594.97,655250086,17-03-2022
XDC Network,XDC,0.052299017,0.012,0.034,-0.056,9542402,644478092,17-03-2022
Smooth Love Potion,SLP,0.017171858,0.003,0.038,-0.064,237291070,642859351,17-03-2022
WAX,WAXP,0.276858,0.001,0.01,-0.04,20480550,626238810,17-03-2022
Qtum,QTUM,5.97,0.003,0.003,-0.013,61604038,621303049,17-03-2022
Sushi,SUSHI,3.21,0.012,0.028,0.009,138705772,618121984,17-03-2022
PAX Gold,PAXG,1946.03,-0.002,0.005,-0.024,22038867,617755161,17-03-2022
1inch,1INCH,1.49,0.008,-0.003,0.087,64145152,617505356,17-03-2022
renBTC,RENBTC,40854.63,0.002,0.009,-0.026,10275356,613544826,17-03-2022
Livepeer,LPT,24.57,0.013,0.032,-0.023,11245178,612934461,17-03-2022
Marinade staked SOL,MSOL,93.71,0.013,0.058,0.027,14128670,607857600,17-03-2022
Bancor Network Token,BNT,2.32,0.005,0.013,0.011,18087546,595471450,17-03-2022
Ankr,ANKR,0.072733294,0.001,0.007,-0.05,21277459,594634282,17-03-2022
Pocket Network,POKT,0.697976,-0.003,0,-0.079,1086957,587728129,17-03-2022
Zilliqa,ZIL,0.041562864,0.002,0.013,0.001,30167523,585253625,17-03-2022
OMG Network,OMG,4.13,0.003,0.005,0.037,75465179,579014475,17-03-2022
Gnosis,GNO,306.2,0.001,0.025,-0.025,1192417,571602114,17-03-2022
Render Token,RNDR,2.46,0.001,0.011,-0.073,19940200,568806275,17-03-2022
Fei USD,FEI,1,0.002,0.003,0.009,6008234,560856126,17-03-2022
ICON,ICX,0.745261,0.002,-0.011,-0.102,27185040,547848667,17-03-2022
SafeMoon,SFM,0.000962072,0.012,-0.064,-0.152,310296,544136940,17-03-2022
Ravencoin,RVN,0.051574181,0.003,-0.003,-0.067,14056137,539976450,17-03-2022
IOST,IOST,0.022801633,0,0.01,-0.027,36690680,526323716,17-03-2022
Bitcoin Gold,BTG,29.92,0,0.007,-0.036,6176845,523876360,17-03-2022
Kava,KAVA,3.21,0.001,0.013,-0.009,15300789,517309409,17-03-2022
Rally,RLY,0.196257,0.015,0.09,-0.001,7033356,510399595,17-03-2022
e-Radix,EXRD,0.128151,0.009,0.05,0.078,2236562,508057632,17-03-2022
UMA,UMA,7.69,-0.003,-0.006,-0.046,62505441,503852158,17-03-2022
OEC Token,OKT,32.97,0.001,0.024,-0.083,3504725,502905278,17-03-2022
Songbird,SGB,0.063697976,0.003,0.014,-0.117,1141938,495479119,17-03-2022
WOO Network,WOO,0.512092,0.004,0.04,0.018,49800358,489182316,17-03-2022
Moonbeam,GLMR,2.41,-0.004,0.014,-0.08,44775987,485893979,17-03-2022
Velas,VLX,0.213294,0.002,0.001,-0.049,3415563,485455669,17-03-2022
Tether Gold,XAUT,1958.19,0.001,0.004,-0.023,2671319,483043378,17-03-2022
Horizen,ZEN,39.44,0.001,0.021,-0.054,25684055,480024115,17-03-2022
Sapphire,SAPP,0.569767,0.005,0.012,-0.045,241909,478721909,17-03-2022
Rocket Pool,RPL,29.01,0.003,-0.034,0.029,1766976,469695713,17-03-2022
Golem,GLM,0.466554,0.001,0.003,-0.088,12086033,466317264,17-03-2022
Liquity USD,LUSD,1.01,0.001,0.002,0.001,3788413,465309713,17-03-2022
Audius,AUDIO,0.743362,0.001,0.01,-0.046,6575647,457745959,17-03-2022
STEPN,GMT,0.761181,0.013,0.425,4.608,1358531219,456251258,17-03-2022
Baby Doge Coin,BABYDOGE,2.83E-09,0.004,-0.012,-0.071,9830393,449901755,17-03-2022
Siacoin,SC,0.008924907,0.006,0.002,-0.058,8429351,448569310,17-03-2022
Ontology,ONT,0.509902,0.004,0.021,-0.027,26504330,446660094,17-03-2022
0x,ZRX,0.51816,0.003,0.016,-0.01,24224308,439124277,17-03-2022
Metis Token,METIS,146.26,0.007,-0.001,-0.075,36285014,438927006,17-03-2022
APENFT,NFT,1.54E-06,0.001,0.01,-0.052,52887977,426608620,17-03-2022
Synapse,SYN,2.42,0.004,0.111,-0.011,8785527,425904952,17-03-2022
dYdX,DYDX,4.8,0,0.034,-0.053,84542474,410559152,17-03-2022
SwissBorg,CHSB,0.426636,-0.004,-0.002,-0.077,717426,407989611,17-03-2022
Everdome,DOME,0.047881406,-0.025,0.131,0.038,59460882,407661797,17-03-2022
SKALE,SKL,0.123037,0.002,-0.026,-0.013,8458820,399524174,17-03-2022
Dogelon Mars,ELON,7.17E-07,0.006,-0.01,-0.035,8089301,395179401,17-03-2022
Convex CRV,CVXCRV,2.1,0.022,0.083,0.022,284039,394323956,17-03-2022
Olympus,OHM,27.85,0.002,-0.005,-0.147,8810942,391190971,17-03-2022
Constellation,DAG,0.149017,-0.001,-0.02,0.125,925421,376819046,17-03-2022
Immutable X,IMX,1.59,0.001,0.01,0.001,74989985,374143811,17-03-2022
Gemini Dollar,GUSD,0.999103,-0.001,-0.002,-0.001,2599754,370970338,17-03-2022
JUST,JST,0.04998816,0.005,0.022,-0.044,46444031,365218776,17-03-2022
NuCypher,NU,0.423049,0.004,0.008,-0.107,4447816,358798163,17-03-2022
Polymath,POLY,0.396075,0.002,0.029,-0.047,16295087,356459406,17-03-2022
Ethereum Name Service,ENS,15.1,-0.003,0.075,0.029,130802509,350492086,17-03-2022
Illuvium,ILV,543.69,0.007,0.045,0.025,10973374,349615509,17-03-2022
REN,REN,0.34295,0.002,0.011,-0.153,45489119,343396923,17-03-2022
Decentralized Social,DESO,32.58,-0.019,-0.038,0.053,665903,343383679,17-03-2022
Keep Network,KEEP,0.623793,0.001,0.023,-0.066,1863025,342624992,17-03-2022
Hive,HIVE,0.921978,0.003,0.063,0.008,27492473,342506941,17-03-2022
Flux,FLUX,1.43,0.002,0.003,0.044,11148974,328526106,17-03-2022
Nervos Network,CKB,0.010823611,0.002,0.026,-0.025,5885924,326436851,17-03-2022
Nano,XNO,2.43,0.025,0.101,0.393,272633201,325248112,17-03-2022
HUSD,HUSD,0.999448,-0.001,0,0,21491124,321832852,17-03-2022
Lido DAO,LDO,2.9,0.016,-0.024,0.229,6548070,320418126,17-03-2022
DeFi Kingdoms,JEWEL,4.33,0.007,0.053,-0.093,13531791,319385783,17-03-2022
Ultra,UOS,1.17,0.005,0.024,-0.038,4195149,317369548,17-03-2022
Spell Token,SPELL,0.00347664,0.007,-0.02,-0.109,47028727,316934220,17-03-2022
Telcoin,TEL,0.00515123,0.011,0.051,-0.014,2189831,316916231,17-03-2022
Syscoin,SYS,0.497339,0.019,0.062,-0.043,11664234,316225956,17-03-2022
FLEX Coin,FLEX,3.95,0,-0.001,0.006,1321112348,311501806,17-03-2022
ConstitutionDAO,PEOPLE,0.060997698,0.004,0.004,-0.055,148965778,309380835,17-03-2022
Kyber Network Crystal,KNC,3.01,0.01,-0.018,-0.043,19917604,308453415,17-03-2022
LooksRare,LOOKS,1.25,0.018,-0.028,0.099,52982527,306746978,17-03-2022
Tomb,TOMB,1.19,-0.004,0.015,-0.101,10836099,305642692,17-03-2022
Lisk,LSK,2.1,-0.004,0.03,-0.005,8942754,304232009,17-03-2022
DigitalBits,XDB,0.395059,-0.004,0.015,0.207,1567720,302184765,17-03-2022
DigiByte,DGB,0.019936487,0.004,0.014,-0.035,12119980,302087064,17-03-2022
Persistence,XPRT,3.61,-0.001,0.091,0.07,5704698,298811585,17-03-2022
PlayDapp,PLA,0.812543,0.002,0.016,-0.028,21899896,295009942,17-03-2022
Tenset,10SET,3.29,0.001,0.003,0.345,2346397,290187601,17-03-2022
Stargaze,STARS,0.387759,0.001,-0.035,-0.209,1422449,288957891,17-03-2022
Ronin,RON,1.93,0,0.036,-0.039,2336649,285584777,17-03-2022
Trust Wallet Token,TWT,0.81527,-0.006,0.13,0.109,26534917,284403138,17-03-2022
Casper Network,CSPR,0.067306582,0.014,0.062,0.037,10361454,280491915,17-03-2022
Tokemak,TOKE,24.1,0.006,-0.042,-0.118,6082833,280398265,17-03-2022
SafeMoon [OLD],SAFEMOON,5.15E-07,0.002,0.02,-0.009,879.16,277800683,17-03-2022
Radio Caca,RACA,0.00133739,0,0.004,0.084,17146649,277127753,17-03-2022
Pirate Chain,ARRR,1.44,-0.003,0.003,0.221,1185789,275717440,17-03-2022
SXP,SXP,1.41,0.005,0.05,0.045,68376375,273381975,17-03-2022
MAI,MIMATIC,1,0.002,0.003,0.008,5757297,269690665,17-03-2022
Floki Inu,FLOKI,2.89E-05,0,0.019,-0.095,7318364,264302676,17-03-2022
Injective,INJ,5.4,0.008,0.014,0.011,25990848,262798491,17-03-2022
Mobox,MBOX,2.11,-0.004,0.033,0.056,42594303,261388946,17-03-2022
MXC,MXC,0.105998,-0.005,0.017,0.169,22877952,258748257,17-03-2022
Everscale,EVER,0.19269,0,-0.014,-0.011,14939.44,258439550,17-03-2022
Perpetual Protocol,PERP,3.95,0.004,0.023,-0.017,9229627,257335955,17-03-2022
Zenon,ZNN,5.21,0.007,-0.026,-0.114,38130.88,257245207,17-03-2022
WINkLink,WIN,0.000265885,0,-0.001,-0.043,78640150,256027145,17-03-2022
Coin98,C98,1.37,0.003,0.023,0.036,32845038,254083272,17-03-2022
WazirX,WRX,0.55677,-0.001,-0.002,-0.123,6363664,254078525,17-03-2022
Serum,SRM,1.9,0.005,0.018,-0.016,28934537,253353070,17-03-2022
Lido Staked SOL,STSOL,93.27,0.014,0.064,0.028,4306699,252733440,17-03-2022
Zipmex Token,ZMT,2.84,-0.002,0.018,0.003,14507743,252612673,17-03-2022
Mirror Protocol,MIR,1.71,0.005,0.004,-0.169,49984848,248849118,17-03-2022
Creditcoin,CTC,1.17,-0.001,0.032,0.02,3120629,242723178,17-03-2022
Tribe,TRIBE,0.531679,-0.005,-0.021,-0.041,8080240,242034097,17-03-2022
VVS Finance,VVS,2.20E-05,0,-0.013,-0.129,2778953,236041817,17-03-2022
Metahero,HERO,0.04469741,-0.005,-0.01,-0.13,7788330,234727576,17-03-2022
Yield Guild Games,YGG,2.65,0.022,0.096,-0.013,32498566,232020727,17-03-2022
Function X,FX,0.490287,-0.008,0.003,-0.025,2789713,230355668,17-03-2022
API3,API3,4.64,0.003,-0.012,-0.146,30688251,230330587,17-03-2022
Dent,DENT,0.002405588,-0.002,0.023,-0.042,15366549,230289059,17-03-2022
Raydium,RAY,2.52,0.006,0.004,-0.01,20578926,229551472,17-03-2022
Fetch.ai,FET,0.333007,0.01,0.016,-0.06,18218920,229348461,17-03-2022
Escoin Token,ELG,3.31,0.005,-0.015,0.017,724098,228752259,17-03-2022
Euro Tether,EURT,1.11,0,0.006,0.003,14717552,228389194,17-03-2022
CoinEx Token,CET,0.061140663,-0.001,0,0.049,525677,227207627,17-03-2022
Astroport,ASTRO,1.81,-0.002,-0.104,0.095,8759702,227045274,17-03-2022
Chromia,CHR,0.399507,0.001,0.053,0.02,58264434,226830657,17-03-2022
Chia,XCH,65.99,-0.003,0.015,-0.077,9082334,225459171,17-03-2022
xSUSHI,XSUSHI,4.02,0.012,0.058,0.022,255785,225344906,17-03-2022
Cratos,CRTS,0.003236528,0.003,0.099,-0.027,16517737,223198961,17-03-2022
Status,SNT,0.057335511,-0.002,0.01,-0.086,8733449,222865089,17-03-2022
Telos,TLOS,0.858613,0.001,0.046,-0.059,3788138,222068806,17-03-2022
Power Ledger,POWR,0.511559,0.002,0.013,-0.04,31170583,219951909,17-03-2022
Astar,ASTR,0.107755,-0.001,0.044,0.027,8916820,218062741,17-03-2022
Medibloc,MED,0.040421543,0.001,0.007,-0.013,4569259,217275804,17-03-2022
Celer Network,CELR,0.038316853,0.009,0.036,-0.038,29766536,216429137,17-03-2022
COTI,COTI,0.204755,0.001,0.016,-0.032,12162479,215079506,17-03-2022
Vulcan Forged,PYR,8.9,0.001,0.023,-0.096,20305571,212825987,17-03-2022
Dopex,DPX,1173.9,0.007,0.042,0.007,3078417,211922629,17-03-2022
Energy Web Token,EWT,5.03,0,0.025,-0.02,1278646,211101992,17-03-2022
PLEX,PLEX,0.857492,0.024,0.05,0.142,14908002,210041737,17-03-2022
Orbs,ORBS,0.072277991,-0.001,0.001,-0.008,5313234,209383845,17-03-2022
Alchemix USD,ALUSD,0.998794,0,0,0.001,142769,208931720,17-03-2022
XYO Network,XYO,0.016424294,0,0.005,-0.055,4920583,204717393,17-03-2022
Boba Network,BOBA,1.28,0.005,0.058,0.162,7605916,204133364,17-03-2022
Ocean Protocol,OCEAN,0.465948,0.001,-0.007,0.007,13125747,202260490,17-03-2022
Unibright,UBT,1.34,0,0.135,0.74,1513662,201738743,17-03-2022
Mdex,MDX,0.231902,0.001,0.037,0.043,10470382,200934743,17-03-2022
LUKSO Token,LYXE,13.11,-0.002,0.007,-0.051,2438281,199459617,17-03-2022
Mask Network,MASK,4.21,0.002,0.043,-0.01,72687776,198784023,17-03-2022
DAO Maker,DAO,2.19,0.005,0.005,-0.051,2620710,198134048,17-03-2022
Origin Protocol,OGN,0.41561,-0.013,-0.043,0.488,103519781,197701631,17-03-2022
UFO Gaming,UFO,7.57E-06,0.007,0.005,-0.056,5528279,194844243,17-03-2022
Ardor,ARDR,0.194427,-0.004,0.008,-0.043,5019344,194331101,17-03-2022
Pundi X,PUNDIX,0.745885,0,0.008,-0.049,4093358,192900544,17-03-2022
Civic,CVC,0.28617,-0.001,0.067,0.044,61814649,192055742,17-03-2022
GMX,GMX,25.47,0.003,0.119,0.014,3169278,190389663,17-03-2022
Interest Bearing Bitcoin,IBBTC,40853.81,,,,,189800862,17-03-2022
Kyber Network Crystal Legacy,KNCL,3.03,0.015,-0.011,-0.032,82195466,187322633,17-03-2022
MX Token,MX,1.87,-0.001,0.006,-0.005,374184,186909022,17-03-2022
Coinmetro,XCM,0.613238,0.003,0.006,-0.024,36444.53,185482862,17-03-2022
Conflux,CFX,0.118894,-0.001,0.022,-0.055,5488882,185392410,17-03-2022
Yoshi.exchange,YOSHI,1.4,0.001,0.05,0.28,1673418,183581718,17-03-2022
Wonderland,TIME,200.89,0.002,0.021,-0.054,1142909,181461291,17-03-2022
MiL.k Alliance,MLK,0.814028,-0.001,0,-0.004,9464173,181018689,17-03-2022
XSGD,XSGD,0.737151,0,0.003,0.002,2206838,180464893,17-03-2022
Divi,DIVI,0.064853595,0.018,0.036,-0.008,202892,180441034,17-03-2022
JOE,JOE,0.982235,-0.011,0.112,-0.033,47914853,180295364,17-03-2022
Radicle,RAD,4.33,0,-0.022,-0.065,7819981,178613189,17-03-2022
SuperFarm,SUPER,0.612438,-0.002,0.012,-0.062,13815815,176123468,17-03-2022
Pundi X [OLD],NPXS,0.000739037,0.005,0.23,-0.056,3233.81,175021533,17-03-2022
Aragon,ANT,4.6,0.005,-0.007,-0.032,20342438,174947342,17-03-2022
Reserve Rights Token,RSR,0.013289915,-0.003,-0.037,0.016,62606911,174938398,17-03-2022
Moonriver,MOVR,51.56,0.001,0.058,-0.063,19258945,174781398,17-03-2022
BTSE Token,BTSE,8.47,0.017,0.007,0.088,182389,171754643,17-03-2022
Ergo,ERG,3.26,-0.006,0.002,0.004,1480738,170208459,17-03-2022
Rari Governance Token,RGT,15.15,0,0.016,-0.064,109283,170001175,17-03-2022
Request,REQ,0.219206,-0.002,0.006,0.093,11689099,169969973,17-03-2022
Cartesi,CTSI,0.321965,0.003,0.033,0,17202782,167831024,17-03-2022
Aurora,AURORA,7.35,-0.001,0.072,-0.069,1298850,167615843,17-03-2022
Veritaseum,VERI,77.68,-0.064,0.032,0.328,61535.04,167034953,17-03-2022
Power Cash,PRCH,0.000580256,0.004,0.057,-0.034,121835,165663549,17-03-2022
MMFinance,MMF,1.2,-0.002,0.091,0.381,46298812,165134827,17-03-2022
sBTC,SBTC,40716.13,0,0.005,-0.028,2583416,165066520,17-03-2022
Numeraire,NMR,27.87,0,-0.009,-0.036,3832085,164787989,17-03-2022
Alchemy Pay,ACH,0.040004818,0.005,-0.013,-0.045,6824925,164599197,17-03-2022
FEG Token BSC,FEG,3.89E-09,0.025,-0.023,-0.013,270143,163269693,17-03-2022
inSure DeFi,SURE,0.006161036,0.006,0.03,0.132,1159883,162967567,17-03-2022
Multichain,MULTI,8.85,-0.001,-0.033,-0.243,841002,162445121,17-03-2022
Bifrost,BFC,0.149851,0,0.005,-0.026,1897563,159291451,17-03-2022
Ion,ION,7395.39,-0.037,0.048,-0.139,417792,157510201,17-03-2022
World Mobile Token,WMT,0.668572,0.001,0.022,-0.056,1060965,156579542,17-03-2022
Poollotto.finance,PLT,17.97,0.015,0.021,0.036,701074,156426727,17-03-2022
Mango,MNGO,0.150121,0.001,0.015,-0.017,491181,156098438,17-03-2022
AscendEx Token,ASD,0.209002,-0.002,-0.001,-0.047,1996023,155507488,17-03-2022
Reef Finance,REEF,0.008484927,0.002,0.005,-0.022,15128863,154953141,17-03-2022
Storj,STORJ,1.06,0.003,0.028,0.076,22799371,153045067,17-03-2022
FEG Token,FEG,3.71E-09,-0.012,0.005,0.001,596220,152507971,17-03-2022
Tokamak Network,TON,3.63,0.001,0.018,-0.049,3175683,152418252,17-03-2022
BNB48 Club Token,KOGE,75.36,,,,,151006279,17-03-2022
Akash Network,AKT,1.14,0.013,0.039,0.005,1488453,150977820,17-03-2022
Origin Dollar,OUSD,0.996761,-0.001,0.003,-0.005,384674,150877504,17-03-2022
Verge,XVG,0.009119355,0,-0.001,-0.137,3989138,150565690,17-03-2022
VeThor Token,VTHO,0.003276533,-0.002,0.01,0.021,5281032,149610423,17-03-2022
Merit Circle,MC,2.12,-0.001,0.015,0.035,9053682,149412537,17-03-2022
USDX,USDX,0.972184,0.007,0.006,0.003,633490,148673012,17-03-2022
Band Protocol,BAND,3.57,0.001,-0.012,-0.043,14710862,148621625,17-03-2022
aelf,ELF,0.320715,-0.001,0.007,-0.038,6682894,148069098,17-03-2022
Biconomy,BICO,1.29,-0.006,-0.018,0,30433864,147807938,17-03-2022
OriginTrail,TRAC,0.403433,-0.01,0.006,-0.093,1641938,147741339,17-03-2022
Beldex,BDX,0.098103513,0.005,-0.029,0.378,270960,147183281,17-03-2022
Orchid Protocol,OXT,0.245431,0,0.035,0.06,16831078,145268599,17-03-2022
StarLink,STARL,1.45E-05,0.002,0.003,-0.023,6019692,144516643,17-03-2022
GPEX,GPX,3.77,-0.002,-0.017,-0.061,166864,144310185,17-03-2022
Kishu Inu,KISHU,1.48E-09,0,-0.039,0.073,5930373,143713655,17-03-2022
Beta Finance,BETA,0.390171,0.001,0.007,-0.087,16200954,140529092,17-03-2022
Ark,ARK,0.855048,0.008,0.024,-0.053,2191914,139681382,17-03-2022
TrueFi,TRU,0.214734,0.095,0.194,0.242,14102206,137832596,17-03-2022
STASIS EURO,EURS,1.11,-0.001,0.005,0.001,5583658,137830475,17-03-2022
Acala,ACA,1.08,0.002,-0.014,-0.054,8839438,137419617,17-03-2022
Keep3rV1,KP3R,361.53,0.003,0.003,-0.032,19120535,135737507,17-03-2022
Magic,MAGIC,2.66,-0.002,-0.045,-0.054,4586490,135701244,17-03-2022
Hxro,HXRO,0.304276,0,-0.003,-0.066,71104.14,133744124,17-03-2022
Sperax,SPA,0.170244,-0.004,0.026,-0.026,911737,133654459,17-03-2022
MaidSafeCoin,MAID,0.295224,0.001,0.001,-0.067,7810.13,133599281,17-03-2022
flexUSD,FLEXUSD,1,0,-0.005,0.002,312664,132659636,17-03-2022
Prometeus,PROM,8.05,-0.001,0.011,-0.031,889637,132399958,17-03-2022
Iron Bank EURO,IBEUR,1.1,0,0.016,0.005,57945.42,132176489,17-03-2022
Qredo,QRDO,2.61,0,0.028,0.024,16725771,131117652,17-03-2022
Bezoge Earth,BEZOGE,2.98E-09,-0.004,-0.022,-0.177,176270,130736810,17-03-2022
Victoria VR,VR,0.154224,0.01,0.067,0.131,10041552,130077410,17-03-2022
Polkastarter,POLS,1.47,0.018,-0.042,0.198,34461134,129790575,17-03-2022
DUSK Network,DUSK,0.32285,-0.024,-0.007,-0.108,10733697,129772453,17-03-2022
iExec RLC,RLC,1.81,0.004,-0.001,0.01,4304190,129744853,17-03-2022
RMRK,RMRK,13.61,-0.006,-0.003,-0.07,3122953,129381545,17-03-2022
THORChain (ERC20),RUNE,7.98,0.003,0.122,0.584,2414143,129360305,17-03-2022
Metadium,META,0.076139641,-0.002,-0.012,0.004,9899795,128563501,17-03-2022
StormX,STMX,0.013797399,0.002,-0.014,-0.1,1844462,128358108,17-03-2022
Stratis,STRAX,0.94622,-0.003,0.013,-0.04,14410182,128080393,17-03-2022
STP Network,STPT,0.087992796,0,0.016,-0.046,7298290,127931734,17-03-2022
Steem,STEEM,0.322052,0.004,0.02,-0.011,4267199,127246640,17-03-2022
DEAPCOIN,DEP,0.027101683,-0.008,-0.018,-0.159,5123322,126235341,17-03-2022
Meerkat Shares,MSHARE,14141.32,0.001,0.091,1.065,8589756,126105039,17-03-2022
RSK Infrastructure Framework,RIF,0.151385,-0.002,0.01,-0.07,206651,125639850,17-03-2022
Dawn Protocol,DAWN,1.72,0.001,0.014,0.006,4063485,125035795,17-03-2022
Alpha Finance,ALPHA,0.280024,0.003,0.004,-0.003,5728562,125007857,17-03-2022
NKN,NKN,0.191882,0.005,-0.003,-0.014,5872145,124824929,17-03-2022
Decentral Games,DG,0.322954,-0.01,0.059,0.008,1307545,124818085,17-03-2022
Balancer,BAL,11.52,0,0.006,-0.038,8895097,124477702,17-03-2022
Strike,STRK,39.63,0.002,0.044,-0.01,70589902,124043364,17-03-2022
Alien Worlds,TLM,0.099181828,0.008,0.028,-0.019,53533075,123122031,17-03-2022
Dero,DERO,10.93,0.001,0.007,-0.158,568520,122930832,17-03-2022
Sun Token,SUN,0.011601809,0,0,-0.026,20031921,122048839,17-03-2022
Tomb Shares,TSHARE,3117.12,-0.015,0.07,-0.346,15057752,122042187,17-03-2022
GXChain,GXC,1.62,-0.006,-0.01,-0.046,11044304,122034911,17-03-2022
Ankr Reward-Bearing Staked ETH,AETHC,2254.71,0.005,0.027,-0.035,103476,120703323,17-03-2022
Spookyswap,BOO,13.41,-0.005,0.027,-0.073,3033122,120688730,17-03-2022
Maple,MPL,26.62,-0.016,0.048,0.216,6013862,120557876,17-03-2022
Kirobo,KIRO,0.125334,0.009,-0.008,-0.102,60450.88,119964465,17-03-2022
BENQI Liquid Staked AVAX,SAVAX,79.79,0,0.095,0.029,1138158,119637582,17-03-2022
sETH2,SETH2,2818.01,0.005,0.028,0.035,958190,119015862,17-03-2022
Aavegotchi,GHST,1.94,-0.001,0,-0.008,28955029,117650490,17-03-2022
FUNToken,FUN,0.011072745,-0.007,0.012,-0.012,840985,117522843,17-03-2022
agEUR,AGEUR,1.11,0.003,0.011,0.005,2130541,115865259,17-03-2022
Alchemix,ALCX,96.93,-0.001,0.023,-0.144,6978992,114928689,17-03-2022
Hoo Token,HOO,1.39,-0.004,0.035,0.059,8832185,114432549,17-03-2022
Beefy.Finance,BIFI,1462.88,-0.004,0.005,-0.093,1404924,114334270,17-03-2022
Alpine F1 Team Fan Token,ALPINE,10,0.002,0.142,0.953,226663985,114038968,17-03-2022
DODO,DODO,0.395012,-0.003,0.009,-0.033,24729655,113721778,17-03-2022
Hathor,HTR,0.491681,0.001,0.028,-0.049,5298234,112171936,17-03-2022
TitanSwap,TITAN,1.12,-0.018,-0.008,-0.038,24457.53,111774842,17-03-2022
PlatON Network,LAT,0.046419884,0.005,0.022,-0.047,2598864,111691885,17-03-2022
Phantasma,SOUL,1.07,0.005,-0.009,-0.105,2935493,111502505,17-03-2022
Tornado Cash,TORN,47.28,-0.002,-0.01,-0.044,7275467,111302578,17-03-2022
Klever,KLV,0.02093064,-0.002,-0.01,0.015,3409196,110824223,17-03-2022
JasmyCoin,JASMY,0.023128578,-0.016,0.098,0.685,657631520,110553343,17-03-2022
BTC Standard Hashrate Token,BTCST,15.08,0.007,-0.015,-0.092,3149394,109935865,17-03-2022
KardiaChain,KAI,0.032601818,-0.002,-0.015,-0.061,2890097,109334845,17-03-2022
My Neighbor Alice,ALICE,6.27,0.001,0.033,-0.016,99965004,109282154,17-03-2022
Proton,XPR,0.011066116,-0.002,0.008,-0.102,8687937,109182891,17-03-2022
Utrust,UTK,0.237003,-0.001,0.015,-0.051,8201156,109107417,17-03-2022
Kava Swap,SWP,1.82,-0.012,0.008,0,1981564,109049036,17-03-2022
Regen,REGEN,0.873466,-0.002,0.013,-0.04,185688,107921529,17-03-2022
BakerySwap,BAKE,0.559948,0.002,0.021,-0.016,15467623,107743877,17-03-2022
Hydra,HYDRA,9.26,0.004,0.04,0.056,884096,107523003,17-03-2022
Venus,XVS,8.86,0.003,0.04,-0.01,15729939,106857130,17-03-2022
CRYPTO20,C20,3.21,0.005,0.094,-0.014,244162,106817045,17-03-2022
Pylon Protocol,MINE,0.054820562,-0.002,0.025,0.118,255036,106639197,17-03-2022
QuarkChain,QKC,0.016027564,0.008,0.028,-0.031,2308543,106547838,17-03-2022
Orion Protocol,ORN,3.06,0.003,-0.012,-0.074,9655123,104853664,17-03-2022
Seedify.fund,SFUND,4.37,-0.002,0.013,-0.168,3082745,104617801,17-03-2022
TomoChain,TOMO,1.19,0.007,0.015,-0.028,2030435,104551092,17-03-2022
Ellipsis,EPS,0.166502,-0.001,0.012,-0.029,5645716,104379795,17-03-2022
Railgun,RAIL,1.81,-0.001,0.021,-0.175,471794,104202720,17-03-2022
Decentral Games Governance,XDG,0.338029,0.013,0.052,0.013,147662,104005183,17-03-2022
Hermez Network,HEZ,6.17,0.002,0.015,0.013,68193.73,103279211,17-03-2022
AIOZ Network,AIOZ,0.214561,-0.012,-0.095,-0.107,5493212,103148149,17-03-2022
ICHI,ICHI,23.02,0.005,0.017,0.108,662181,100868057,17-03-2022
sETH,SETH,2821.01,0.006,0.039,0.033,3277906,100163119,17-03-2022
Bitcoin Diamond,BCD,0.52929,0.015,0.029,-0.041,13758923,99286361,17-03-2022
Metal,MTL,1.52,0.004,-0.001,-0.044,10399052,98146821,17-03-2022
Dopex Rebate Token,RDPX,105.79,-0.013,0.052,0.092,1970405,97862985,17-03-2022
Wilder World,WILD,1.17,-0.012,0.004,-0.178,4126450,97738316,17-03-2022
cBAT,CBAT,0.013887823,,,,,96581377,17-03-2022
Wrapped Centrifuge,WCFG,0.481036,-0.003,-0.01,-0.043,1727756,95950030,17-03-2022
Bounce,AUCTION,13.12,0.002,0.002,0,1640514,94608029,17-03-2022
Augur,REP,13.56,0.001,0.01,-0.041,5896456,94396497,17-03-2022
sUSD,SUSD,0.997496,0.001,0.004,-0.003,9442897,94221877,17-03-2022
Electroneum,ETN,0.00521421,0.006,0.025,-0.05,189537,93414016,17-03-2022
KeeperDAO,ROOK,115.76,0.008,0.07,-0.105,652966,93199097,17-03-2022
Dvision Network,DVI,0.380746,0.008,0.091,-0.108,2438408,92462684,17-03-2022
cUNI,CUNI,0.186789,0.002,0.02,0.013,818771,91378796,17-03-2022
Wanchain,WAN,0.472639,0.001,0,0.003,5680953,91293951,17-03-2022
IDEX,IDEX,0.142172,0.004,-0.002,-0.055,11854190,90697310,17-03-2022
Verasity,VRA,0.020213149,0.008,-0.03,-0.113,55707710,90445041,17-03-2022
Neutrino System Base Token,NSBT,35.75,-0.001,0.009,0.188,208377,90375202,17-03-2022
Everipedia,IQ,0.008982625,-0.005,-0.004,-0.005,2844319,90044377,17-03-2022
HUNT,HUNT,0.821299,-0.001,0.069,0.006,104480496,89930148,17-03-2022
Somnium Space CUBEs,CUBE,6.89,0.011,0.173,0.2,379297,89700384,17-03-2022
bZx Protocol,BZRX,0.062809109,-0.704,-0.646,-0.464,43.49,88971844,17-03-2022
AllianceBlock,ALBT,0.229837,-0.003,0.038,0.053,380133,88953339,17-03-2022
ZoidPay,ZPAY,0.303949,-0.004,-0.018,0.212,580730,88904956,17-03-2022
Ampleforth,AMPL,1.07,0,-0.049,0.104,1359111,88008725,17-03-2022
Bonfida,FIDA,1.65,-0.002,0.025,-0.083,7357829,87734475,17-03-2022
Avalaunch,XAVA,3.92,-0.002,0.034,-0.024,1323970,86912829,17-03-2022
Adventure Gold,AGLD,1.11,-0.011,0.009,0.089,56512453,85908280,17-03-2022
Adshares,ADS,3.55,0.001,0.028,0.298,1188991,85408124,17-03-2022
Automata,ATA,0.368096,0.004,0.004,-0.003,3784037,83651315,17-03-2022
Gains Farm,GFARM2,2330.78,0,0.03,0.102,138508,83519135,17-03-2022
Crabada,CRA,0.957634,0.026,0.064,0.033,2393019,83266240,17-03-2022
CertiK,CTK,1.17,-0.002,-0.003,-0.009,4539353,82895723,17-03-2022
Celo Dollar,CUSD,1,-0.001,0.005,0.004,2890566,82678314,17-03-2022
Propy,PRO,1.43,-0.005,0.087,-0.131,1092863,82507865,17-03-2022
Swarm,BZZ,1.26,0.002,0.052,-0.014,1150674,81979222,17-03-2022
Clover Finance,CLV,0.313737,-0.003,0.028,-0.014,10080749,81842102,17-03-2022
Covalent,CQT,0.319453,0,0.036,-0.1,1930543,81675970,17-03-2022
chrono.tech,TIME,113.61,0.012,-0.036,-0.234,150984,80595619,17-03-2022
Biswap,BSW,0.355954,0.002,-0.002,0.058,4931153,80314265,17-03-2022
Gitcoin,GTC,5.65,0.004,-0.003,-0.102,7848894,80282760,17-03-2022
DFI.money,YFII,2018.73,0.001,-0.014,-0.001,11327787,80185006,17-03-2022
Redacted Cartel,BTRFLY,129.99,-0.001,0.14,-0.212,2195840,80079688,17-03-2022
SafePal,SFP,0.740146,-0.002,0.013,-0.018,8669227,80075567,17-03-2022
Platypus Finance,PTP,4.14,0.005,-0.135,-0.354,5248814,79450747,17-03-2022
BENQI,QI,0.050743317,0,0.024,-0.048,8530801,79411049,17-03-2022
Aergo,AERGO,0.218479,-0.004,0.012,-0.129,7272167,79214487,17-03-2022
Enzyme,MLN,54.27,0.005,0.006,0.033,5114354,78897484,17-03-2022
Nerve Finance,NRV,0.018468001,-0.015,0.057,-0.04,26173.31,77747624,17-03-2022
Rai Reflex Index,RAI,3.04,0.003,0.003,0.002,1057135,77616933,17-03-2022
Aurory,AURY,8.09,-0.001,0.008,0.004,1438567,76843664,17-03-2022
RIZON,ATOLO,0.034953546,0.001,-0.018,-0.05,334964,75194885,17-03-2022
Aave [OLD],LEND,1.47,0.002,0.079,0.072,11843.62,75160944,17-03-2022
mStable USD,MUSD,0.999305,0,0,0,100066,74706759,17-03-2022
DeFi Pulse Index,DPI,158.57,-0.005,0.024,0.012,264648,74590066,17-03-2022
Blox,CDT,0.110513,0.053,0.151,-0.007,151228,74560549,17-03-2022
PlatonCoin,PLTC,0.682181,-0.001,0.068,0.199,195574,74286948,17-03-2022
ShapeShift FOX Token,FOX,0.272417,0.001,0.002,-0.028,671439,74091492,17-03-2022
Handshake,HNS,0.155984,-0.004,-0.001,-0.168,171651,74049207,17-03-2022
PEAKDEFI,PEAK,0.05519711,0.04,-0.018,-0.175,72443.45,74047013,17-03-2022
Presearch,PRE,0.186584,0.001,0.037,-0.025,706220,74002744,17-03-2022
SingularityNET,AGIX,0.082793325,-0.001,-0.015,-0.081,1211638,73431209,17-03-2022
Sai,SAI,1,,,,,72643253,17-03-2022
Sifchain,EROWAN,0.092998916,0.005,0.026,-0.031,2618246,72370847,17-03-2022
Badger DAO,BADGER,7.24,-0.005,-0.011,-0.074,3893756,72193740,17-03-2022
Index Coop - ETH 2x Flexible Leverage Index,ETH2X-FLI,69.79,0.002,0.056,0.063,1140003,72083620,17-03-2022
Oxygen,OXY,0.355128,0.012,0.094,0.09,628756,71658098,17-03-2022
Hifi Finance,MFT,0.007610381,-0.003,0.007,0.058,13457578,71444464,17-03-2022
Vader Protocol,VADER,0.014688496,0.008,0.022,-0.363,3416278,71296654,17-03-2022
MAPS,MAPS,0.944908,0.007,0.143,0.121,1481120,70633226,17-03-2022
Wrapped NXM,WNXM,26.39,0.003,-0.01,-0.03,1579870,70593491,17-03-2022
Sovryn,SOV,3.32,-0.006,-0.029,-0.159,732020,70581427,17-03-2022
Netvrk,NTVRK,1.71,-0.007,0.116,-0.029,2603788,70480323,17-03-2022
Dock,DOCK,0.033661854,0.001,0.008,-0.022,2401530,70448413,17-03-2022
ShareToken,SHR,0.007367751,0,0.029,-0.175,261673,69453171,17-03-2022
TempleDAO,TEMPLE,0.641015,0.001,-0.036,-0.05,857448,69369413,17-03-2022
cVault.finance,CORE,6926.41,-0.005,0.026,0,42667.58,68840419,17-03-2022
GuildFi,GF,1.58,0.001,0.031,0.019,4047040,68575496,17-03-2022
ChainX,PCX,1.64,0.006,-0.015,0.033,523787,68530128,17-03-2022
Loom Network (OLD),LOOMOLD,0.0821722,0.005,0.102,0.018,2657217,68416663,17-03-2022
Travala.com,AVA,1.32,0.002,-0.01,0.003,3591714,68291858,17-03-2022
Banana,BANANA,15.33,0.002,-0.181,0.393,541918,68212793,17-03-2022
IRISnet,IRIS,0.055425599,0.016,-0.003,-0.088,2976839,68090240,17-03-2022
Circuits of Value,COVAL,0.037961004,0.002,-0.012,-0.054,366787,67826274,17-03-2022
ARPA Chain,ARPA,0.069003374,0,0.008,-0.037,13633759,67762845,17-03-2022
SuperRare,RARE,0.464613,-0.003,0.014,0.019,9398219,67388220,17-03-2022
Verus Coin,VRSC,0.999387,0.053,0.061,-0.122,20275.07,67318962,17-03-2022
